model,epoch,precision,recall,mAP50,mAP50-95,test/box_loss,test/seg_loss
YOLOv8n-seg,640,36.7,30.5,96.1,1.21,3.4,12.6
YOLOv8s-seg,171,0.35127,0.30526,0.26002,0.1048,2.1545,2.7603
YOLOv8m-seg,299,0.47215,0.27222,0.32324,0.1208,2.3654,3.9662
YOLOv8l-seg,640,52.3,42.6,572.4,2.79,46,220.5
YOLOv8x-seg,640,53.4,43.4,712.1,4.02,71.8,344.1
